episode,rewards,avg_acc_waiting_time,max_acc_waiting_time,epsilon
1,-47.067708333333336,63.784,265.0,1.0
1,-48.715025906735754,69.614,433.0,1.0
1,-52.73056994818653,81.349,485.0,1.0
1,-51.80628272251309,75.196,464.0,1.0
1,-47.282051282051285,66.34,314.0,1.0
1,-51.854922279792746,78.801,495.0,1.0
1,-47.12765957446808,59.094,326.0,1.0
