episode,rewards,avg_acc_waiting_time,max_acc_waiting_time,epsilon
0,-47.82198952879581,64.872,399.0,1.0
0,-47.016129032258064,58.795,318.0,0.99
