episode,rewards,avg_acc_waiting_time,max_acc_waiting_time,epsilon
1,-56.7,83.148,428.0,1.0
20,-44.361111111111114,48.24,236.0,0.8099999999999998
40,-41.15760869565217,39.873,271.0,0.6099999999999997
60,-46.083333333333336,45.819,212.0,0.4099999999999995
80,-37.705555555555556,25.403,159.0,0.2099999999999993
100,-34.41111111111111,18.773,114.0,0.009999999999999247
