episode,rewards,avg_acc_waiting_time,max_acc_waiting_time,epsilon
0,-51.657754010695186,73.587,485.0,1.0
20,-41.21621621621622,40.515,228.0,0.7999999999999998
40,-39.1436170212766,35.483,230.0,0.5999999999999996
60,-37.35326086956522,27.821,196.0,0.39999999999999947
80,-35.89673913043478,22.524,102.0,0.1999999999999993
100,-33.90217391304348,17.438,124.0,-7.528699885739343e-16
