episode,rewards,avg_acc_waiting_time,max_acc_waiting_time,epsilon
1,-48.5668449197861,63.625,313.0,1.0
20,-44.913513513513514,51.394,325.0,0.8099999999999998
40,-39.27956989247312,34.504,209.0,0.6099999999999997
60,-37.294117647058826,29.399,196.0,0.4099999999999995
80,-34.95135135135135,21.171,133.0,0.2099999999999993
100,-34.19125683060109,18.043,118.0,0.009999999999999247
