episode,rewards,avg_acc_waiting_time,max_acc_waiting_time,epsilon
1,-51.365591397849464,72.034,389.0,1.0
1,-53.93010752688172,78.074,485.0,1.0
